IIT Mandi Roll No.,Name,Programme,Total(100),Round
B25331,REMAN DEY,Bachelor of Technology in Engineering Physics,87.1,88
B25132,DAKSH,Bachelor of Technology in Computer Science an,83.3,84
B25126,ARYAN SISODIYA,Bachelor of Technology in Computer Science an,81.95,82
B25138,GRISHMA GUPTA,Bachelor of Technology in Computer Science an,81.1,82
B25136,GATIK GUPTA,Bachelor of Technology in Computer Science an,79.2,80
B25191,YEDLA VISHNUVARDHAN REDDY,Bachelor of Technology in Computer Science an,79.2,80
B25124,ARPAN UMESH KUMAR JAISWAL,Bachelor of Technology in Computer Science an,78.2,79
B25217,MEHUL KAKKAR,Bachelor of Technology in Data Science and Art,75.5,76
B25145,JAP PAPREJA,Bachelor of Technology in Computer Science an,74.8,75
B25137,GOVIND GARG,Bachelor of Technology in Computer Science an,74.15,75
B25314,ADVAITH SHAILESH PILLAI,Bachelor of Technology in Engineering Physics,73.35,74
B25245,ABHINAV P NAIR,Bachelor of Technology in Electrical Engineering,72.2,73
B25172,SAKSHAM GARG,Bachelor of Technology in Computer Science an,71.85,72
B25197,ANIKET SINGH,Bachelor of Technology in Data Science and Art,71.35,72
B25163,PRANIT AZAD,Bachelor of Technology in Computer Science an,71.1,72
B25243,AARAV ARYA,Bachelor of Technology in Electrical Engineering,71.1,72
B25373,ADARSH KUMAR,Bachelor of Technology in Materials Science an,70.9,71
B25135,FARHAN ALAM,Bachelor of Technology in Computer Science an,70.7,71
B25130,BHAVTOSH TRIPATHI,Bachelor of Technology in Computer Science an,70.65,71
B25305,VEDANSH TYAGI,Bachelor of Technology in Electrical Engineering,69.4,70
B25211,KAUSHAL HIRAWAT,Bachelor of Technology in Data Science and Art,68.55,69
B25195,AKSHITH REDDY GONGIREDDY,Bachelor of Technology in Data Science and Art,68.5,69
B25516,SHUBHRANSHU GUPTA,Bachelor of Technology in Microelectronics & V,68.4,69
B25200,ANURAJ K T K,Bachelor of Technology in Data Science and Art,67.5,68
B25422,SAHAJ SINGHAL,Bachelor of Technology in Mathematics and Co,66.7,67
B25280,NIKHIL KUMAR,Bachelor of Technology in Electrical Engineering,66.65,67
B25018,RAKSHIT RAJ,Bachelor of Science in Chemical Sciences,66.6,67
B25225,PRODDUTURI ADITI REDDY,Bachelor of Technology in Data Science and Art,66.15,67
B25175,SAURABH,Bachelor of Technology in Computer Science an,66.05,67
B25161,PARTEEK SINGH KAHLON,Bachelor of Technology in Computer Science an,65.9,66
B25469,MANISH KUMAR SINGH,Bachelor of Technology in Mechanical Engineer,65.65,66
B25127,ARYAN VERMA,Bachelor of Technology in Computer Science an,65.6,66
B25353,JASVIR SINGH,Bachelor of Technology in General Engineering,65.5,66
B25337,VAIBHAV CHAUDHARY,Bachelor of Technology in Engineering Physics,65.2,66
B25171,SAGAR,Bachelor of Technology in Computer Science an,65,65
B25479,PRIYANKA KUMARI,Bachelor of Technology in Mechanical Engineer,65,65
B25158,NEHA,Bachelor of Technology in Computer Science an,64.8,65
B25287,RIDDHAM BHARAT SHAH,Bachelor of Technology in Electrical Engineering,64.8,65
B25232,SAMAR MEHTA,Bachelor of Technology in Data Science and Art,64.6,65
B25512,RITISHA KANDHWAY,Bachelor of Technology in Microelectronics & V,64.4,65
B25452,DHRUV RYAN SINGH,Bachelor of Technology in Mechanical Engineer,64.35,65
B25125,ARPIT SHARMA,Bachelor of Technology in Computer Science an,63.4,64
B25241,VINAYAK NAR,Bachelor of Technology in Data Science and Art,63.4,64
B25500,KANISHK GOEL,Bachelor of Technology in Microelectronics & V,63.35,64
B25190,VINIT KUMAR,Bachelor of Technology in Computer Science an,62.8,63
B25246,ABHISHEK KUMAR GUPTA,Bachelor of Technology in Electrical Engineering,62.6,63
B25152,KUMAR KARTIK SINGH,Bachelor of Technology in Computer Science an,62.2,63
B25267,ISHAN CHOUDHARY,Bachelor of Technology in Electrical Engineering,62.15,63
B25295,SHIVANSH BADONI,Bachelor of Technology in Electrical Engineering,62.05,63
B25350,DHRUDEV POPATBHAI SUTREJA,Bachelor of Technology in General Engineering,62,62
B25112,AARUSHI,Bachelor of Technology in Computer Science an,61.55,62
B25203,DEVANSH,Bachelor of Technology in Data Science and Art,61.55,62
B25354,JENISH GANDHI,Bachelor of Technology in General Engineering,61.45,62
B25503,KRISHNA CHANDRA SUBRAMAN,Bachelor of Technology in Microelectronics & V,61.2,62
IM25017,RAUNAK MALHOTRA,IMBA,61,61
B25255,ARYAN RAJ,Bachelor of Technology in Electrical Engineering,60.6,61
B25428,VAIBHAV SHARMA,Bachelor of Technology in Mathematics and Co,60.45,61
B25143,HIMANSHU,Bachelor of Technology in Computer Science an,60.3,61
B25194,ABHISHEK KUMAR,Bachelor of Technology in Data Science and Art,60.3,61
B25155,MANNAT KATHURIA,Bachelor of Technology in Computer Science an,60.15,61
B25352,HARSH RAJ,Bachelor of Technology in General Engineering,60.1,61
B25379,DEV PRATAP SINGH BAGHEL,Bachelor of Technology in Materials Science an,60.05,61
B25207,GAZAL GOYAL,Bachelor of Technology in Data Science and Art,59.9,60
B25252,ARNAV CHANDAN,Bachelor of Technology in Electrical Engineering,59.9,60
B25326,KULKARNI NEHAL,Bachelor of Technology in Engineering Physics,59.8,60
B25014,OMKAR MUNDADA,Bachelor of Science in Chemical Sciences,59.7,60
B25181,TANMAY PRATAP SINGH,Bachelor of Technology in Computer Science an,59.7,60
B25483,SHIVAM,Bachelor of Technology in Mechanical Engineer,59.7,60
B25140,HARSHIT,Bachelor of Technology in Computer Science an,59.55,60
B25493,ANUJ AGRAWAL,Bachelor of Technology in Microelectronics & V,59.4,60
B25226,RAHUL,Bachelor of Technology in Data Science and Art,59.3,60
B25394,RISHI RETHISH KURUP,Bachelor of Technology in Materials Science an,59.15,60
B25174,SARANSH GOYAL,Bachelor of Technology in Computer Science an,59.15,60
IM25022,ABHYUDAY GUPTA,IMBA,58.9,59
B25059,TANAV SARAF,Bachelor of Technology in Bio Engineering,58.9,59
B25414,LUHANA SUMIT JITENDRABHAI,Bachelor of Technology in Mathematics and Co,58.9,59
B25111,AAMIR QAEDJOHAR DHARIWAL,Bachelor of Technology in Computer Science an,58.85,59
B25260,DEEPANSHI,Bachelor of Technology in Electrical Engineering,58.7,59
B25144,JAIDITYA YADAV,Bachelor of Technology in Computer Science an,58.6,59
B25253,ARUSH SINGH SIKARWAR,Bachelor of Technology in Electrical Engineering,58.6,59
B25210,KARTIK DALVI,Bachelor of Technology in Data Science and Art,58.5,59
B25407,ARNAV MITTAL,Bachelor of Technology in Mathematics and Co,58.5,59
B25265,FAKZUALA CHAWNGTHU,Bachelor of Technology in Electrical Engineering,58.35,59
B25212,KRISHANU VERMA,Bachelor of Technology in Data Science and Art,57.9,58
B25208,ISHAAN PAWAR ESLAVATH,Bachelor of Technology in Data Science and Art,57.7,58
B25240,TARUN TIWARI,Bachelor of Technology in Data Science and Art,57.7,58
B25182,TANMAY SHARMA,Bachelor of Technology in Computer Science an,57.6,58
B25368,SOUMADIP KARAN,Bachelor of Technology in General Engineering,57.5,58
B25269,JUHI AGRAWAL,Bachelor of Technology in Electrical Engineering,57.25,58
B25416,MANOMAY TYAGI,Bachelor of Technology in Mathematics and Co,57.25,58
B25482,SAASHI GUPTA,Bachelor of Technology in Mechanical Engineer,56.95,57
B25420,PUSHPRAJ,Bachelor of Technology in Mathematics and Co,56.9,57
B25367,SHUBHAM GUPTA,Bachelor of Technology in General Engineering,56.8,57
B25209,JETASH KUMAR JETHI,Bachelor of Technology in Data Science and Art,56.6,57
B25149,KANIKA GUPTA,Bachelor of Technology in Computer Science an,56.4,57
B25336,SUSHANT GARG,Bachelor of Technology in Engineering Physics,56.3,57
B25229,RUDR AHUJA,Bachelor of Technology in Data Science and Art,56.15,57
B25263,DIPANSHU,Bachelor of Technology in Electrical Engineering,56.15,57
IM25081,PARTH PANDEY,IMBA,56,56
B25220,PALAK MITTAL,Bachelor of Technology in Data Science and Art,55.95,56
B25376,ANVESHA KARWA,Bachelor of Technology in Materials Science an,55.9,56
B25068,ARYAN KUMAR,Bachelor of Technology in Civil Engineering,55.85,56
B25283,PIYUSH,Bachelor of Technology in Electrical Engineering,55.85,56
B25494,ANUJ KUMAR YADAV,Bachelor of Technology in Microelectronics & V,55.85,56
B25514,SHIVANG BHARDWAJ,Bachelor of Technology in Microelectronics & V,55.85,56
B25302,TUSHAR PRAJAPAT,Bachelor of Technology in Electrical Engineering,55.8,56
B25289,RITIKA SEWARAMANI,Bachelor of Technology in Electrical Engineering,55.7,56
B25282,PANDEY ABHINESH KUMAR DUR,Bachelor of Technology in Electrical Engineering,55.6,56
B25067,ARSH,Bachelor of Technology in Civil Engineering,55.55,56
B25321,GAURAVI TIWARI,Bachelor of Technology in Engineering Physics,55.4,56
B25256,ATULYA SINGH,Bachelor of Technology in Electrical Engineering,55.4,56
B25147,JASHANDEEP SINGH,Bachelor of Technology in Computer Science an,55.3,56
B25355,KARTIKEY GUPTA,Bachelor of Technology in General Engineering,55.2,56
B25141,HARSHIT KANSAL,Bachelor of Technology in Computer Science an,55,55
B25047,KUSHAGRA SHARMA,Bachelor of Technology in Bio Engineering,54.85,55
B25165,PRIYANSHU BARNWAL,Bachelor of Technology in Computer Science an,54.8,55
B25196,AMIT SAHU,Bachelor of Technology in Data Science and Art,54.8,55
B25188,VARSHAANSH GUPTA,Bachelor of Technology in Computer Science an,54.65,55
B25285,PRATHA BADJATIYA,Bachelor of Technology in Electrical Engineering,54.65,55
B25198,ANIRUDH,Bachelor of Technology in Data Science and Art,54.5,55
B25201,ARIYAN BHAKAT,Bachelor of Technology in Data Science and Art,54.5,55
B25475,NISCHAY CHANDRAKANT KADA,Bachelor of Technology in Mechanical Engineer,54.5,55
B25377,ARYAN JAIN,Bachelor of Technology in Materials Science an,54.45,55
B25466,LAKSHYA DAGAR,Bachelor of Technology in Mechanical Engineer,54.4,55
B25084,MADHAV VAID,Bachelor of Technology in Civil Engineering,54.3,55
B25192,ABHINAV SHARMA,Bachelor of Technology in Data Science and Art,54.3,55
B25409,DAVINDER SINGH,Bachelor of Technology in Mathematics and Co,54.3,55
B25303,UTKARSH SINGH,Bachelor of Technology in Electrical Engineering,54.2,55
B25311,AAYUSH KUSHWAHA,Bachelor of Technology in Engineering Physics,54.2,55
B25032,AGASTYA BHAT,Bachelor of Technology in Bio Engineering,54.15,55
B25186,UTKARSH TIWARI,Bachelor of Technology in Computer Science an,54.05,55
B25417,MUSKAN SINGH,Bachelor of Technology in Mathematics and Co,54,54
B25415,MANJEET JANGHU,Bachelor of Technology in Mathematics and Co,53.95,54
B25129,BEESETTI KARTHIK,Bachelor of Technology in Computer Science an,53.9,54
B25340,YUG MAHESH MISTRY,Bachelor of Technology in Engineering Physics,53.8,54
B25113,AASHA SOLANKI,Bachelor of Technology in Computer Science an,53.7,54
B25402,ADITYA PRATAP RAI,Bachelor of Technology in Mathematics and Co,53.7,54
B25309,YUVRAJ SINGH,Bachelor of Technology in Electrical Engineering,53.6,54
IM25029,AASHIMA KALRA,IMBA,53.5,54
B25224,PRIYANSHI GUPTA,Bachelor of Technology in Data Science and Art,53.45,54
IM25035,PRANAV RAJEEV NAIR,IMBA,53.3,54
B25274,KRISH JAIN,Bachelor of Technology in Electrical Engineering,53.25,54
B25148,KANAK AGARWAL,Bachelor of Technology in Computer Science an,53.2,54
B25054,PRAJITH KARTHICK S,Bachelor of Technology in Bio Engineering,53.05,54
B25184,THAKKER KRISHA RAJEN,Bachelor of Technology in Computer Science an,53.05,54
B25432,AARAV BHUKHMARIA,Bachelor of Technology in Mechanical Engineer,53.05,54
B25244,AARUSH SINGH,Bachelor of Technology in Electrical Engineering,53,53
B25297,SHREYANSH JHA,Bachelor of Technology in Electrical Engineering,52.9,53
B25230,SAGAR JINDAL,Bachelor of Technology in Data Science and Art,52.8,53
B25290,SAHIL KUMAR PANDEY,Bachelor of Technology in Electrical Engineering,52.8,53
B25122,ANSHI JODHA,Bachelor of Technology in Computer Science an,52.75,53
B25404,AHERAO ADITYA GANESH,Bachelor of Technology in Mathematics and Co,52.7,53
B25235,SHAURYA SACHAN,Bachelor of Technology in Data Science and Art,52.65,53
B25063,AARAV,Bachelor of Technology in Civil Engineering,52.6,53
B25157,MD SHADAN,Bachelor of Technology in Computer Science an,52.6,53
B25104,UTKARSH GIRI,Bachelor of Technology in Civil Engineering,52.55,53
B25509,P SUBHAM,Bachelor of Technology in Microelectronics & V,52.55,53
B25057,SHRESHTH MALHOTRA,Bachelor of Technology in Bio Engineering,52.4,53
B25426,TRIJAL SHAMRAO BAWANE,Bachelor of Technology in Mathematics and Co,52.35,53
B25159,NIKHIL KUMAR YADAV,Bachelor of Technology in Computer Science an,52.3,53
B25517,SOUMYA,Bachelor of Technology in Microelectronics & V,52.3,53
B25214,KUNAL KUMAR,Bachelor of Technology in Data Science and Art,52.25,53
B25034,ARADHYA MAHESHWARI,Bachelor of Technology in Bio Engineering,52.2,53
B25393,REYANSH PRASHANT GUNJAL,Bachelor of Technology in Materials Science an,52.2,53
B25249,ANURAG SHARMA,Bachelor of Technology in Electrical Engineering,52.1,53
B25222,PRATIK VIJAY SANAP,Bachelor of Technology in Data Science and Art,52.05,53
B25504,LALIT SINGH BHAKUNI,Bachelor of Technology in Microelectronics & V,52.05,53
B25045,KANAK,Bachelor of Technology in Bio Engineering,51.9,52
B25073,DISHA AGRAWAL,Bachelor of Technology in Civil Engineering,51.9,52
B25436,ABHISHEK MALVIYA,Bachelor of Technology in Mechanical Engineer,51.8,52
B25001,ABHAY BHATT,Bachelor of Science in Chemical Sciences,51.75,52
B25219,NAVDEEP KUMAR KANWAR,Bachelor of Technology in Data Science and Art,51.75,52
B25299,SUYASH TIWARI,Bachelor of Technology in Electrical Engineering,51.68,52
B25292,SANJAY KUMAR,Bachelor of Technology in Electrical Engineering,51.6,52
B25418,NAYONIKA JAIN,Bachelor of Technology in Mathematics and Co,51.6,52
B25204,DHARUN KUMAR GUPTA,Bachelor of Technology in Data Science and Art,51.5,52
B25156,MATAM ABHISHEK,Bachelor of Technology in Computer Science an,51.15,52
B25403,AGAM JOT SINGH,Bachelor of Technology in Mathematics and Co,51.1,52
IM25020,PRIYAM AGGARWAL,IMBA,51.05,52
B25133,DEVANSH DAVARIA,Bachelor of Technology in Computer Science an,51,51
B25205,DHIMANT JAIN,Bachelor of Technology in Data Science and Art,50.95,51
B25301,TANVEER SINGH ARORA,Bachelor of Technology in Electrical Engineering,50.95,51
B25408,ASH MODI,Bachelor of Technology in Mathematics and Co,50.95,51
B25411,HARSHIT PANDEY,Bachelor of Technology in Mathematics and Co,50.95,51
B25370,VAIBHAV SHARMA,Bachelor of Technology in General Engineering,50.81,51
B25065,AMAN MODI,Bachelor of Technology in Civil Engineering,50.75,51
B25424,SHREYA RAJ,Bachelor of Technology in Mathematics and Co,50.7,51
B25193,ABHISHEK GUPTA,Bachelor of Technology in Data Science and Art,50.65,51
B25153,KUMKUM BEHERA,Bachelor of Technology in Computer Science an,50.6,51
B25248,ANKIT GARG,Bachelor of Technology in Electrical Engineering,50.6,51
B25064,ADITYA GITE,Bachelor of Technology in Civil Engineering,50.55,51
B25254,ARYAN MISHRA,Bachelor of Technology in Electrical Engineering,50.5,51
B25056,SHAURYA AGARWAL,Bachelor of Technology in Bio Engineering,50.45,51
B25088,MEET GAWANDE,Bachelor of Technology in Civil Engineering,50.2,51
B25421,RANDIVE ANAGHA VIJAY,Bachelor of Technology in Mathematics and Co,50.2,51
IM25032,DHARSHAN S,IMBA,50.2,51
B25339,VISHAL SINGH RAJPUROHIT,Bachelor of Technology in Engineering Physics,50,50
IM25019,HARSH RAJ,IMBA,49.93,50
B25213,KRISHNA VAIBHAV RASTOGI,Bachelor of Technology in Data Science and Art,49.85,50
B25342,AARUSH JAIN,Bachelor of Technology in General Engineering,49.8,50
IM25003,PRANJAL SONI,IMBA,49.7,50
B25294,SHIKHAR YADAV,Bachelor of Technology in Electrical Engineering,49.5,50
B25092,NITYA GOEL,Bachelor of Technology in Civil Engineering,49.45,50
B25333,SAURABH SINGH,Bachelor of Technology in Engineering Physics,49.45,50
B25341,AARAV AGRAWAL,Bachelor of Technology in General Engineering,49.45,50
B25399,SIDDHARTH GUPTA,Bachelor of Technology in Materials Science an,49.4,50
B25293,SARTHAK GAJENDRA GADKAR,Bachelor of Technology in Electrical Engineering,49.4,50
IM25082,DEV ASNANI,IMBA,49.2,50
B25114,ABHISHEK SHAHI,Bachelor of Technology in Computer Science an,49.05,50
B25199,ANSH PATEL,Bachelor of Technology in Data Science and Art,49.05,50
B25349,DEEPAK,Bachelor of Technology in General Engineering,49,49
B25094,PRANJAL JAIN,Bachelor of Technology in Civil Engineering,48.9,49
B25315,ANIRUDDH SHARMA,Bachelor of Technology in Engineering Physics,48.9,49
B25371,ACHARYA ADITYA PRABHAKAR,Bachelor of Technology in Materials Science an,48.9,49
B25185,UJJWAL KUMAR,Bachelor of Technology in Computer Science an,48.85,49
B25518,TANMAY SINGH,Bachelor of Technology in Microelectronics & V,48.8,49
B25391,PINNINTI SHANMUKA SAI,Bachelor of Technology in Materials Science an,48.6,49
B25060,VEDANT NIKODE,Bachelor of Technology in Bio Engineering,48.55,49
B25070,DEV BHAMBHU,Bachelor of Technology in Civil Engineering,48.5,49
B25329,NAVYA BODDU,Bachelor of Technology in Engineering Physics,48.45,49
B25189,VEDANSH SINGHAL,Bachelor of Technology in Computer Science an,48.4,49
B25451,CHILAKAMARRI MARUTHI VEER,Bachelor of Technology in Mechanical Engineer,48.3,49
IM25041,PULAK AGRAWAL,IMBA,48.05,49
B25383,M P S SRIRAM,Bachelor of Technology in Materials Science an,48,48
B25168,RINKU CHOUDHARY,Bachelor of Technology in Computer Science an,47.9,48
B25307,YASH VIVAN,Bachelor of Technology in Electrical Engineering,47.8,48
B25423,SHIVAM NAGAR,Bachelor of Technology in Mathematics and Co,47.8,48
B25096,RAGHAV PACHISIA,Bachelor of Technology in Civil Engineering,47.7,48
B25066,AQSA,Bachelor of Technology in Civil Engineering,47.65,48
B25492,ADITI PRIYA,Bachelor of Technology in Microelectronics & V,47.65,48
IM25042,KANISHK GAUR,IMBA,47.6,48
B25453,GAURAV GUPTA,Bachelor of Technology in Mechanical Engineer,47.55,48
IM25043,PRUTHVIRAJ SHAHURAJ FULS,IMBA,47.5,48
B25281,NISHANT SINGH,Bachelor of Technology in Electrical Engineering,47.25,48
B25444,AVIRAL JHA,Bachelor of Technology in Mechanical Engineer,47.25,48
B25447,BHAGYASHRI SI,Bachelor of Technology in Mechanical Engineer,47.2,48
B25173,SAMPADA SINGH,Bachelor of Technology in Computer Science an,47.1,48
B25237,SIDDHARTH KUMAWAT,Bachelor of Technology in Data Science and Art,47.1,48
B25410,GAUTAM GUPTA,Bachelor of Technology in Mathematics and Co,47.1,48
IM25011,NANDINI KAUSHAL,IMBA,47.05,48
IM25073,ISAI MOKSHITH,IMBA,47.05,48
B25069,CHITIKELA PAVAN KUMAR,Bachelor of Technology in Civil Engineering,47,47
B25170,SABAVATH DINESH NAIK,Bachelor of Technology in Computer Science an,46.95,47
B25121,ANIL,Bachelor of Technology in Computer Science an,46.9,47
B25361,RAGHAV GUPTA,Bachelor of Technology in General Engineering,46.8,47
B25277,MOHAMMAD KAUSAR KHAN,Bachelor of Technology in Electrical Engineering,46.7,47
B25300,TANUSHREE GHORETHA,Bachelor of Technology in Electrical Engineering,46.7,47
B25082,KUSHAL AGARWAL,Bachelor of Technology in Civil Engineering,46.65,47
B25365,SHRADDHA DASH,Bachelor of Technology in General Engineering,46.6,47
B25406,ANUSHKA SINHA,Bachelor of Technology in Mathematics and Co,46.55,47
B25035,ARYAN PRASAD,Bachelor of Technology in Bio Engineering,46.45,47
B25187,UTTKARSH YADAV,Bachelor of Technology in Computer Science an,46.45,47
B25474,NIKITA,Bachelor of Technology in Mechanical Engineer,46.4,47
IM25013,SURVESH RAJ S,IMBA,46.4,47
B25362,RAHUL MUNDA,Bachelor of Technology in General Engineering,46.35,47
B25490,VORA NEVIL VIPULBHAI,Bachelor of Technology in Mechanical Engineer,46.35,47
B25458,HARSH AGGARWAL,Bachelor of Technology in Mechanical Engineer,46.3,47
IM25034,DHARSHINI I,IMBA,46.3,47
B25119,AMAN KUMAR,Bachelor of Technology in Computer Science an,46.25,47
B25351,GADEPAKA DEEVEN KUMAR,Bachelor of Technology in General Engineering,46.25,47
B25413,LAVANY,Bachelor of Technology in Mathematics and Co,46.1,47
B25472,MEHAKDEEP SINGH,Bachelor of Technology in Mechanical Engineer,46.1,47
B25515,SHIVANSH AWASTHI,Bachelor of Technology in Microelectronics & V,46.1,47
B25233,SANJANA YADAV,Bachelor of Technology in Data Science and Art,46.05,47
IM25074,LOKESH R,IMBA,46.05,47
B25049,MOHD BABAR,Bachelor of Technology in Bio Engineering,46,46
B25257,AYUSH KUMAR,Bachelor of Technology in Electrical Engineering,46,46
B25291,SANAPALA RAJA RAGHAVENDRA,Bachelor of Technology in Electrical Engineering,45.85,46
B25048,LAKSHYA MEHTA,Bachelor of Technology in Bio Engineering,45.8,46
B25118,ALOK KUMAR,Bachelor of Technology in Computer Science an,45.8,46
B25437,ADARSH KULKARNI,Bachelor of Technology in Mechanical Engineer,45.8,46
B25279,NAVYA JAIN,Bachelor of Technology in Electrical Engineering,45.75,46
B25062,AAKASH MEHLA,Bachelor of Technology in Civil Engineering,45.5,46
B25079,KANIKA CHOUDHARY,Bachelor of Technology in Civil Engineering,45.45,46
B25396,S SAI PRASANTH NAIDU,Bachelor of Technology in Materials Science an,45.45,46
B25162,PIYUSH KUMAR,Bachelor of Technology in Computer Science an,45.4,46
B25154,KUSH VERMA,Bachelor of Technology in Computer Science an,45.3,46
B25051,MUKHEDKAR KARMANYA SANJA,Bachelor of Technology in Bio Engineering,45.25,46
IM25065,JAYASRI K R,IMBA,45.25,46
IM25018,ARYAN PATHAK,IMBA,45.2,46
B25461,HIMANSHU MAURYA,Bachelor of Technology in Mechanical Engineer,45.05,46
B25382,KANISHKA T,Bachelor of Technology in Materials Science an,45,45
B25360,PUSHKAR KUMAR ANJAN,Bachelor of Technology in General Engineering,44.95,45
B25099,SAGAR NAGAR,Bachelor of Technology in Civil Engineering,44.9,45
B25306,VIKAS KUMAR,Bachelor of Technology in Electrical Engineering,44.8,45
IM25057,KULDEEP BEHURA,IMBA,44.8,45
B25180,TANMAY,Bachelor of Technology in Computer Science an,44.75,45
B25077,JAYANT KUMAR,Bachelor of Technology in Civil Engineering,44.7,45
B25025,SIDDHARTH SHARMA,Bachelor of Science in Chemical Sciences,44.6,45
B25011,KUSHAL CHANDAK,Bachelor of Science in Chemical Sciences,44.55,45
B25202,ASHISH KUMAR,Bachelor of Technology in Data Science and Art,44.4,45
B25356,KRITIN REDDY CHALLA,Bachelor of Technology in General Engineering,44.35,45
IM25033,SARAN S,IMBA,44.35,45
B25392,RAMDAYAL,Bachelor of Technology in Materials Science an,44.3,45
B25455,GURLEEN KAUR GILL,Bachelor of Technology in Mechanical Engineer,44.25,45
B25463,KATAKAM NIKHIL,Bachelor of Technology in Mechanical Engineer,44.2,45
B25128,BATHINA PAVANI VENKATA MAL,Bachelor of Technology in Computer Science an,44.15,45
B25359,PRAVEEN KUMAR REGAR,Bachelor of Technology in General Engineering,44.15,45
B25491,ABHIJIT GOPE,Bachelor of Technology in Microelectronics & V,44.15,45
B25037,DEEPAK CHAHAR,Bachelor of Technology in Bio Engineering,44,44
IM25045,NEESA MAHAJAN,IMBA,44,44
B25347,BHOOMIKA,Bachelor of Technology in General Engineering,43.95,44
B25369,TANMAY LAXKAR,Bachelor of Technology in General Engineering,43.9,44
B25270,KHUSHBOO GAUTAM,Bachelor of Technology in Electrical Engineering,43.85,44
B25139,GURNOOR SINGH,Bachelor of Technology in Computer Science an,43.7,44
IM25055,MALAVIKA S NAIR,IMBA,43.65,44
IM25060,HARIPRASANTH V,IMBA,43.65,44
B25520,UMESH BADGOTI,Bachelor of Technology in Microelectronics & V,43.5,44
B25273,KRISH,Bachelor of Technology in Electrical Engineering,43.4,44
B25459,HARSH BHADANA,Bachelor of Technology in Mechanical Engineer,43.4,44
B25501,KANOORI ANANYA,Bachelor of Technology in Microelectronics & V,43.4,44
B25510,PRANAY SHREERAM,Bachelor of Technology in Microelectronics & V,43.4,44
B25179,TANISH,Bachelor of Technology in Computer Science an,43.35,44
B25215,LOVISH KUMAR BANSAL,Bachelor of Technology in Data Science and Art,43.35,44
IM25002,HIMANSHI MAHESHWARI,IMBA,43.35,44
IM25054,DEVARALA NAGA DURGA,IMBA,43.3,44
B25276,MADHAV KRISHNA,Bachelor of Technology in Electrical Engineering,43.2,44
IM25049,AATHIRAI T,IMBA,43.2,44
IM25072,BIPUL PAUL,IMBA,43.05,44
B25308,YASHDEEP PRADHAN,Bachelor of Technology in Electrical Engineering,42.95,43
IM25012,ARYAN SINGH CHAUHAN,IMBA,42.9,43
IM25016,VAISHNAVI J,IMBA,42.9,43
B25115,AEMIREDDY LIPIKA,Bachelor of Technology in Computer Science an,42.75,43
B25395,RITESH POSWAL,Bachelor of Technology in Materials Science an,42.73,43
B25164,PRATYAKSH JAISWAL,Bachelor of Technology in Computer Science an,42.7,43
B25499,HARSH SHANKAR,Bachelor of Technology in Microelectronics & V,42.7,43
B25058,SUNNY KUMAR,Bachelor of Technology in Bio Engineering,42.55,43
B25081,KHETI YUSUF SHABBIR,Bachelor of Technology in Civil Engineering,42.55,43
B25264,DIPENDER,Bachelor of Technology in Electrical Engineering,42.45,43
B25335,SUJAL KUMAR SHAW,Bachelor of Technology in Engineering Physics,42.45,43
B25123,ANUSAN MINJ,Bachelor of Technology in Computer Science an,42.4,43
B25284,PIYUSH PEEPLIWAL,Bachelor of Technology in Electrical Engineering,42.25,43
IM25066,VASANTHAKUMAR S,IMBA,42.25,43
B25473,NEERAJ KUMAR,Bachelor of Technology in Mechanical Engineer,42.2,43
B25440,ANUJ PATEL,Bachelor of Technology in Mechanical Engineer,42.05,43
B25366,SHRUTI SHUKLA,Bachelor of Technology in General Engineering,42,42
IM25024,ANSHUL,IMBA,42,42
B25242,AARADHYA KUSHWAHA,Bachelor of Technology in Electrical Engineering,41.9,42
B25508,NAVEEN KUMAR S,Bachelor of Technology in Microelectronics & V,41.9,42
B25275,KUNAL GARG,Bachelor of Technology in Electrical Engineering,41.8,42
B25487,UTKARSH BELWAL,Bachelor of Technology in Mechanical Engineer,41.75,42
B25003,ANKITA,Bachelor of Science in Chemical Sciences,41.7,42
B25160,NITESH,Bachelor of Technology in Computer Science an,41.7,42
B25502,KARTIK GOYAL,Bachelor of Technology in Microelectronics & V,41.65,42
IM25067,PALASH PARIDA,IMBA,41.65,42
B25488,VANSH SAINI,Bachelor of Technology in Mechanical Engineer,41.6,42
IM25007,HARMEEN KAUR,IMBA,41.6,42
B25150,KIRAN KUMARI BADIYAL,Bachelor of Technology in Computer Science an,41.5,42
B25106,VED TUSHAR DEOKAR,Bachelor of Technology in Civil Engineering,41.45,42
B25261,DHRUV KAUSHIK,Bachelor of Technology in Electrical Engineering,41.4,42
B25110,YASH MALIK,Bachelor of Technology in Civil Engineering,41.35,42
B25109,YAMINI,Bachelor of Technology in Civil Engineering,41.25,42
B25176,SHAHAL KALADY,Bachelor of Technology in Computer Science an,41.25,42
B25330,NEHA SHARMA,Bachelor of Technology in Engineering Physics,41.2,42
B25431,AANCHAL MANRO,Bachelor of Technology in Mechanical Engineer,41.2,42
B25036,ASRA SALEEM,Bachelor of Technology in Bio Engineering,41.05,42
B25239,TANMAY MATHUR,Bachelor of Technology in Data Science and Art,41,41
B25374,ANANYA SHARMA,Bachelor of Technology in Materials Science an,41,41
B25442,ASHWIN YOGESH JOSHI,Bachelor of Technology in Mechanical Engineer,40.95,41
B25498,DIYA BUDHWAR,Bachelor of Technology in Microelectronics & V,40.95,41
B25101,SUVEER KUMAWAT,Bachelor of Technology in Civil Engineering,40.85,41
B25016,PARTH SONI,Bachelor of Science in Chemical Sciences,40.75,41
B25316,ANKIT KUMAR,Bachelor of Technology in Engineering Physics,40.75,41
B25477,PATEL HARSHADKUMAR MAHES,Bachelor of Technology in Mechanical Engineer,40.75,41
B25108,VISHANDEEP KAUR,Bachelor of Technology in Civil Engineering,40.6,41
B25091,NIKHIL KUMAR,Bachelor of Technology in Civil Engineering,40.55,41
B25470,MANJEET SINGH,Bachelor of Technology in Mechanical Engineer,40.55,41
B25031,ABHYANSH MAURYA,Bachelor of Technology in Bio Engineering,40.5,41
B25093,PAKHALE ATHARVA SANDEEP,Bachelor of Technology in Civil Engineering,40.5,41
IM25021,RAGHUVAM NIGAM,IMBA,40.5,41
B25343,ANTRIKSH SUNDI,Bachelor of Technology in General Engineering,40.45,41
B25405,AMRITPAL SINGH,Bachelor of Technology in Mathematics and Co,40.45,41
B25053,PARTH ASAWA,Bachelor of Technology in Bio Engineering,40.4,41
B25427,V SANTHOSH,Bachelor of Technology in Mathematics and Co,40.4,41
B25441,ARADHANA SINGH,Bachelor of Technology in Mechanical Engineer,40.35,41
IM25036,SIVASAGAR B,IMBA,40.3,41
B25318,ARYYAMAN BHATTACHARYYA,Bachelor of Technology in Engineering Physics,40.2,41
B25430,VIVEK KUMAR JAISWAL,Bachelor of Technology in Mathematics and Co,40.15,41
B25497,BUNREDDY OM PRAKASH REDD,Bachelor of Technology in Microelectronics & V,39.95,40
B25513,SANSKAR KUMAR SINHA,Bachelor of Technology in Microelectronics & V,39.9,40
B25433,AARAV PRADHAN,Bachelor of Technology in Mechanical Engineer,39.85,40
B25097,ROHIT BAJIYA,Bachelor of Technology in Civil Engineering,39.8,40
B25266,HULASH DHRUW,Bachelor of Technology in Electrical Engineering,39.8,40
B25272,KRATIKA,Bachelor of Technology in Electrical Engineering,39.78,40
B25041,GAURAV KUMAR,Bachelor of Technology in Bio Engineering,39.76,40
B25323,HEMENDRA MEENA,Bachelor of Technology in Engineering Physics,39.75,40
B25251,ARJUN SEERVI,Bachelor of Technology in Electrical Engineering,39.7,40
B25506,MEBIL M V,Bachelor of Technology in Microelectronics & V,39.7,40
B25478,PATEL NESH SANJAYKUMAR,Bachelor of Technology in Mechanical Engineer,39.65,40
B25080,KESHAV KHETAN,Bachelor of Technology in Civil Engineering,39.6,40
B25258,AZMEERA SRITHIKA NAIK,Bachelor of Technology in Electrical Engineering,39.6,40
B25177,SHRIJAN KUMAR,Bachelor of Technology in Computer Science an,39.55,40
B25131,CHANDRA MOHAN MEENA,Bachelor of Technology in Computer Science an,39.3,40
B25484,SHLOK JAIN,Bachelor of Technology in Mechanical Engineer,39.3,40
B25040,EKTA YADAV,Bachelor of Technology in Bio Engineering,39.2,40
B25398,SHARVARI SACHIN KOTHALKAR,Bachelor of Technology in Materials Science an,39.2,40
IM25070,PALVIKA SHARMA,IMBA,39.2,40
B25223,PRATYUSH RAI,Bachelor of Technology in Data Science and Art,39.15,40
B25178,SONU,Bachelor of Technology in Computer Science an,39.1,40
B25231,SAGINA DHAKSHITHA,Bachelor of Technology in Data Science and Art,39.1,40
B25117,AKSHIT GOYAL,Bachelor of Technology in Computer Science an,39.05,40
B25206,DIKSHA GANGODIYA,Bachelor of Technology in Data Science and Art,38.8,39
B25312,ABHIGYAN SONOWAL,Bachelor of Technology in Engineering Physics,38.8,39
B25344,ANUSHKA RATNA,Bachelor of Technology in General Engineering,38.7,39
B25075,GITIKA,Bachelor of Technology in Civil Engineering,38.6,39
B25313,ADITYA MACHRA,Bachelor of Technology in Engineering Physics,38.6,39
B25378,AZAM UDDIN,Bachelor of Technology in Materials Science an,38.6,39
B25317,ARYAN SONI,Bachelor of Technology in Engineering Physics,38.5,39
B25074,ESTHER KUMZEVI NYUTHE,Bachelor of Technology in Civil Engineering,38.45,39
B25465,KRISH,Bachelor of Technology in Mechanical Engineer,38.45,39
IM25077,ATHARVA SACHIN BEKANALK,IMBA,38.35,39
B25338,VEDIKA,Bachelor of Technology in Engineering Physics,38.05,39
B25511,RAJA,Bachelor of Technology in Microelectronics & V,38,38
B25007,CHINTU,Bachelor of Science in Chemical Sciences,37.9,38
B25038,DIYORA HET PRAVIN,Bachelor of Technology in Bio Engineering,37.85,38
B25072,DHEERAJ,Bachelor of Technology in Civil Engineering,37.85,38
B25304,VANSHIKA,Bachelor of Technology in Electrical Engineering,37.85,38
B25083,LUCKY KUMAWAT,Bachelor of Technology in Civil Engineering,37.8,38
B25505,LAXMAN CHATURVEDI,Bachelor of Technology in Microelectronics & V,37.65,38
B25345,ARPIT AGARWAL,Bachelor of Technology in General Engineering,37.55,38
B25100,SAPPOGU VIJAY KUMAR,Bachelor of Technology in Civil Engineering,37.4,38
B25142,HARSHITHA G S,Bachelor of Technology in Computer Science an,37.4,38
B25380,DHAWAL GUPTA,Bachelor of Technology in Materials Science an,37.4,38
B25438,ADITYA,Bachelor of Technology in Mechanical Engineer,37.35,38
B25412,KARTIK,Bachelor of Technology in Mathematics and Co,37.3,38
B25095,PUNIT SEN,Bachelor of Technology in Civil Engineering,37.25,38
B25078,KALPANA,Bachelor of Technology in Civil Engineering,37.2,38
B25089,MOHIT KUMAR MEENA,Bachelor of Technology in Civil Engineering,37.2,38
B25234,SATISH,Bachelor of Technology in Data Science and Art,37.2,38
B25363,RAJKUMAR LODHI,Bachelor of Technology in General Engineering,37.2,38
B25457,HARSH,Bachelor of Technology in Mechanical Engineer,37.2,38
B25286,RAHUL,Bachelor of Technology in Electrical Engineering,37.1,38
IM25080,ARYAN GUPTA,IMBA,37.05,38
B25004,ANSHUL DHANKHAR,Bachelor of Science in Chemical Sciences,36.85,37
B25310,ZEN PARTH ANIRUDDH,Bachelor of Technology in Electrical Engineering,36.8,37
B25481,RITIK GUPTA,Bachelor of Technology in Mechanical Engineer,36.8,37
B25328,MARAM RUTHWIK,Bachelor of Technology in Engineering Physics,36.65,37
B25322,HARI PRIYA GUPTA,Bachelor of Technology in Engineering Physics,36.6,37
IM25046,GOVIND DURGANI,IMBA,36.45,37
B25227,RAVINA YADAV,Bachelor of Technology in Data Science and Art,36.3,37
B25372,ACHYUT KUMAR,Bachelor of Technology in Materials Science an,36.2,37
B25238,SIRIGIREDDY MUSALREDDY ETH,Bachelor of Technology in Data Science and Art,36.1,37
B25519,TEJAVATH DINESH,Bachelor of Technology in Microelectronics & V,36,36
B25325,KRRISH,Bachelor of Technology in Engineering Physics,35.95,36
B25320,GARADALA MOHAN PRADEEP,Bachelor of Technology in Engineering Physics,35.9,36
IM25058,RAGHVI MISHRA,IMBA,35.9,36
B25496,ATUL VERMA,Bachelor of Technology in Microelectronics & V,35.8,36
B25107,VIKAS KUMAR,Bachelor of Technology in Civil Engineering,35.45,36
B25375,ANSHU KUMAR PANDEY,Bachelor of Technology in Materials Science an,35.45,36
B25467,LALIT,Bachelor of Technology in Mechanical Engineer,35.35,36
B25116,AKASH,Bachelor of Technology in Computer Science an,35.15,36
IM25044,UTKARSH ANAND,IMBA,35.15,36
B25332,SANNAT KUMAR,Bachelor of Technology in Engineering Physics,35.1,36
B25358,NITU CHOUDHARY,Bachelor of Technology in General Engineering,35.05,36
B25218,MIRJA JUNED BAIG,Bachelor of Technology in Data Science and Art,35,35
B25221,PANTHUKALA DANNEY,Bachelor of Technology in Data Science and Art,35,35
IM25078,ANSH SACHDEV,IMBA,35,35
B25425,SUMAN GHANTI,Bachelor of Technology in Mathematics and Co,34.9,35
B25134,DURGAM CHARAN,Bachelor of Technology in Computer Science an,34.85,35
B25027,SOURODIP MALI,Bachelor of Science in Chemical Sciences,34.7,35
IM25056,SHREYA SINGH,IMBA,34.65,35
B25015,PANKAJ KUMAR BAIRWA,Bachelor of Science in Chemical Sciences,34.6,35
B25167,RAJESH KUMAR,Bachelor of Technology in Computer Science an,34.6,35
B25357,NAKKA TULASEE RAM,Bachelor of Technology in General Engineering,34.4,35
B25090,NEETESH MEENA,Bachelor of Technology in Civil Engineering,34.25,35
B25381,HANSRAJ GURJAR,Bachelor of Technology in Materials Science an,34.25,35
B25146,JARIPITHI MANOJ KUMAR,Bachelor of Technology in Computer Science an,34.1,35
B25076,HIMANSHU MEENA,Bachelor of Technology in Civil Engineering,33.9,34
B25262,DINESH,Bachelor of Technology in Electrical Engineering,33.85,34
IM25075,MANSA AGARWAL,IMBA,33.85,34
B25019,RATHOD PAVAN,Bachelor of Science in Chemical Sciences,33.8,34
IM25071,HARSHIT SINGH CHAUHAN,IMBA,33.6,34
B25169,RIYA CHANDA,Bachelor of Technology in Computer Science an,33.5,34
B25450,BOORLA SRILALITHA,Bachelor of Technology in Mechanical Engineer,33.4,34
B25055,PRASHANT KUMAR,Bachelor of Technology in Bio Engineering,33.35,34
B25228,ROUTHU SANJANA,Bachelor of Technology in Data Science and Art,33.35,34
B25485,SHWETA,Bachelor of Technology in Mechanical Engineer,33.35,34
B25389,PANKAJ KUMAR,Bachelor of Technology in Materials Science an,33.3,34
B25456,HAREESH DURSHETI,Bachelor of Technology in Mechanical Engineer,33.3,34
B25268,JATIN YADAV,Bachelor of Technology in Electrical Engineering,33.2,34
IM25014,ANSHIKA SRIVASTAVA,IMBA,33.15,34
B25468,MADINI SANDEEP KUMAR,Bachelor of Technology in Mechanical Engineer,33.05,34
B25029,YASH RAJ,Bachelor of Science in Chemical Sciences,33,33
B25030,YASH VARDHAN SINGH SHEKHA,Bachelor of Science in Chemical Sciences,33,33
B25334,SAVITANA PARDHA SARADHI,Bachelor of Technology in Engineering Physics,33,33
B25324,KAPIL POONIA,Bachelor of Technology in Engineering Physics,32.9,33
B25102,SWASTIK AKHIL SINGH,Bachelor of Technology in Civil Engineering,32.8,33
B25120,AMIT KUMAR JHA,Bachelor of Technology in Computer Science an,32.6,33
IM25027,HARDIK AGARWAL,IMBA,32.6,33
B25401,ADITYA JARYAL,Bachelor of Technology in Mathematics and Co,32.5,33
B25419,PRASHANT VERMA,Bachelor of Technology in Mathematics and Co,32.5,33
IM25006,NIKHIL CHOUDHARY,IMBA,32.5,33
B25085,MANDEEP,Bachelor of Technology in Civil Engineering,32.35,33
IM25076,MANSVI SINGH,IMBA,32.35,33
B25087,MEDIKONDA HAMAR,Bachelor of Technology in Civil Engineering,32.2,33
B25033,ANANT ANURAG,Bachelor of Technology in Bio Engineering,32.1,33
B25476,NISHANT THAMMAN,Bachelor of Technology in Mechanical Engineer,32,32
IM25079,ROHIT KUMAR DARIYA,IMBA,31.95,32
B25384,MANNAT,Bachelor of Technology in Materials Science an,31.8,32
IM25068,ADITHYA CHATAYAN,IMBA,31.75,32
IM25050,VISHWADHAR SANJAY ADASU,IMBA,31.45,32
B25166,PUSPITA BISWAS,Bachelor of Technology in Computer Science an,31.4,32
B25439,ANGOTHU NAGARAJU,Bachelor of Technology in Mechanical Engineer,31.4,32
IM25023,ARAYAN KUMAR GWAL,IMBA,31.35,32
IM25028,DIVYANSH DIGANT,IMBA,31.2,32
IM25026,CHETAN PRAKASH,IMBA,31.1,32
B25005,ANUSHKA,Bachelor of Science in Chemical Sciences,31,31
IM25061,JANANI M,IMBA,31,31
B25250,ANUSH NEGI,Bachelor of Technology in Electrical Engineering,30.95,31
IM25009,ADITYA WAGADRE,IMBA,30.9,31
IM25064,DHANUSRI R,IMBA,30.9,31
B25020,ROHIT,Bachelor of Science in Chemical Sciences,30.8,31
B25462,ISHA,Bachelor of Technology in Mechanical Engineer,30.65,31
IM25051,SHRISTY CATHERINE KERKETT,IMBA,30.6,31
B25390,PARV JAIN,Bachelor of Technology in Materials Science an,30.5,31
B25429,VARUN ZORE,Bachelor of Technology in Mathematics and Co,30.5,31
B25151,KRISH KUMAR,Bachelor of Technology in Computer Science an,30.4,31
B25002,AMGOTH MAHESH,Bachelor of Science in Chemical Sciences,30.3,31
B25319,ERIGI SPOORTHY,Bachelor of Technology in Engineering Physics,30.25,31
B25434,ABHAY PANDEY,Bachelor of Technology in Mechanical Engineer,30.25,31
B25448,BHUKYA ESHWARi,Bachelor of Technology in Mechanical Engineer,30.2,31
IM25010,PRATYUSH SINGH BURMAN,IMBA,30.15,31
B25103,UNNATI,Bachelor of Technology in Civil Engineering,30.1,31
B25464,KRASHANT MEENA,Bachelor of Technology in Mechanical Engineer,30.1,31
IM25059,VIVEK KUMAR BAIS,IMBA,30.1,31
B25052,NILESH  KUMAR,Bachelor of Technology in Bio Engineering,29.75,30
B25489,VEDIYA MAYANK,Bachelor of Technology in Mechanical Engineer,29.5,30
B25009,JAMI VIJAY GANESH,Bachelor of Science in Chemical Sciences,29.4,30
IM25001,SEJAL GUPTA,IMBA,29.25,30
B25012,LANKA SHARMILA SIVA PRIYA,Bachelor of Science in Chemical Sciences,29.1,30
IM25063,ADARSH KUMAR YADAV,IMBA,29.05,30
IM25004,DHANANJAY NAYAK,IMBA,28.9,29
B25042,GIRIJA SANTOSH CHARKHA,Bachelor of Technology in Bio Engineering,28.7,29
IM25030,LEKHASHREE V,IMBA,28.7,29
B25454,GUDIPUDI VAMSI SAI KRISHNA,Bachelor of Technology in Mechanical Engineer,28.45,29
IM25069,MOPADA RAM CHARAN KOTI,IMBA,28.45,29
B25387,NISHANT KUMAR,Bachelor of Technology in Materials Science an,28.3,29
IM25025,KAJAL MEENA,IMBA,28.2,29
B25271,KISHTIKA MALAV,Bachelor of Technology in Electrical Engineering,28.08,29
B25386,NENAVATH SIDDU,Bachelor of Technology in Materials Science an,27.7,28
B25071,DHEER DHAKER,Bachelor of Technology in Civil Engineering,27.55,28
B25039,DOMMETI RENUKA,Bachelor of Technology in Bio Engineering,27.5,28
B25024,SHRUTI CHOUDHARY,Bachelor of Science in Chemical Sciences,27.4,28
B25050,MUDAVATH DEVI HARSHA CHO,Bachelor of Technology in Bio Engineering,27.3,28
B25400,VINIT KUMAR RABIBANSHI,Bachelor of Technology in Materials Science an,26.95,27
B25259,BADAVATH THIRUMALESH,Bachelor of Technology in Electrical Engineering,26.7,27
B25471,MATTI HEMANTH,Bachelor of Technology in Mechanical Engineer,26.25,27
B25495,ANULTA THRIVENI,Bachelor of Technology in Microelectronics & V,26.2,27
IM25015,L ABHIRAM CHAWAN,IMBA,26.15,27
B25385,MEGAVATH HARINADH,Bachelor of Technology in Materials Science an,25.5,26
B25046,KATARIYA NIDHI HASMUKHBHAI,Bachelor of Technology in Bio Engineering,25.4,26
B25010,KAWALE SANKALP SANJAY,Bachelor of Science in Chemical Sciences,25.1,26
B25486,SUMIT PATIDAR,Bachelor of Technology in Mechanical Engineer,24.65,25
B25216,MADARAM VARUN,Bachelor of Technology in Data Science and Art,24.3,25
IM25062,M.KABILAN,IMBA,24.2,25
B25006,BATHULA RAJU,Bachelor of Science in Chemical Sciences,23.65,24
B25183,TEJAVATH VIGNESH,Bachelor of Technology in Computer Science an,22.9,23
B25449,BHUKYA YUGENDER,Bachelor of Technology in Mechanical Engineer,21.05,22
B25445,AZMEERA RAVI KIRAN,Bachelor of Technology in Mechanical Engineer,18.5,19
B25507,N DURGA PRASAD,Bachelor of Technology in Microelectronics & V,17.25,18
B25086,MANDELA RAM SAISRI PRAKAS,Bachelor of Technology in Civil Engineering,0,0
B25443,ATHARVA DASHORE,Bachelor of Technology in Mechanical Engineer,0,0
IM25053,HARSHIT PANNU,IMBA,0,0
